"id","country","year","expectancy","drinkingwater","handwash","birthattended","gdpspent","literacy","meddoctor","nursemidwives","stuteacherratio"
1,"Afghanistan",2000,"54.99","21.62",NULL,NULL,NULL,NULL,NULL,NULL,NULL
2,"Afghanistan",2010,"59.94","35.994","37.08","34.3","3.4795",NULL,"1.916","5.102500000000001","43.34126666666666"
3,"Afghanistan",2015,"61.65","47.588","37.444","43.55","3.2558","34.95458","2.722","1.76","43.3884"
4,"Afghanistan",2019,"63.21","56.08","37.71","56.099999999999994","4.0589",NULL,"2.78","1.62","48.7898"
5,"Albania",2000,"73.55","81.78",NULL,NULL,NULL,NULL,"13.855","42.808",NULL
6,"Albania",2010,"76.25","82.19000000000001",NULL,"99.3","3.2759","95.938637","12.11","41.4225","19.7021"
7,"Albania",2015,"77.84","86.18400000000001",NULL,NULL,"3.438","97.21539066666666","12.556666666666667","42.946666666666665","19.2424"
8,"Albania",2019,"78.0","89.88",NULL,"99.8","3.0395000000000003",NULL,"12.16","36.5","17.5729"
9,"Algeria",2000,"72.21","83.32",NULL,NULL,NULL,NULL,NULL,NULL,NULL
10,"Algeria",2010,"75.85","86.18599999999999","83.02","95.2","4.337","73.89236449999999","11.96","19.29","23.328000000000003"
11,"Algeria",2015,"76.54","87.976","83.372","96.6",NULL,"79.608398",NULL,"2.86","23.8361"
12,"Algeria",2019,"77.13","88.69","83.695",NULL,NULL,NULL,"17.8","20.046666666666667","24.3202"
13,"Angola",2000,"49.3","21.15",NULL,NULL,NULL,NULL,"0.59","9.16",NULL
14,"Angola",2010,"58.07","24.139999999999997",NULL,"47.3","2.8514",NULL,"1.31","13.14","45.5865"
15,"Angola",2015,"61.72","25.98","26.1525",NULL,NULL,"71.07762550000001",NULL,"0.012","46.2863"
16,"Angola",2019,"63.06","27.259999999999998","26.59","46.6",NULL,NULL,"2.15","4.08",NULL
17,"Antigua and Barbuda",2000,"74.56","98.25",NULL,"99.9",NULL,NULL,"1.61","31.19","18.741"
18,"Antigua and Barbuda",2010,"75.95","97.322",NULL,"99.97999999999999","2.5172",NULL,"11.205","32.98","15.0656"
19,"Antigua and Barbuda",2015,"76.14","96.80999999999999",NULL,"100.0",NULL,"98.949997",NULL,"45.99","14.08965"
20,"Antigua and Barbuda",2019,"76.45","96.74",NULL,"100.0",NULL,NULL,"29.56","45.00333333333333","12.4056"
21,"Argentina",2000,"74.09","76.4",NULL,"99.1",NULL,NULL,"30.17","8.04",NULL
22,"Argentina",2010,"75.44","87.458",NULL,"97.3","5.0197",NULL,NULL,NULL,"17.2297"
23,"Argentina",2015,"76.17","92.704",NULL,"98.3","5.7761","98.061996","39.39","42.46",NULL
24,"Argentina",2019,"76.58","96.31",NULL,"96.15","5.4622",NULL,"39.955","25.91",NULL
25,"Armenia",2000,"71.88","88.56","83.25",NULL,NULL,NULL,"10.766000000000002","59.09",NULL
26,"Armenia",2010,"73.12","94.602","88.19800000000001","99.79999999999998","3.5449",NULL,"27.23","51.74399999999999","19.3076"
27,"Armenia",2015,"74.51","98.38399999999999","91.412","100.0","2.52655","99.7564125","28.95","51.79600000000001",NULL
28,"Armenia",2019,"76.03","100.0","93.71000000000001","99.8","2.7076",NULL,"44.02","61.07","15.4186"
29,"Australia",2000,"79.69","99.06",NULL,"99.3","4.8915",NULL,"25.31","5.99",NULL
30,"Australia",2010,"81.9","99.548",NULL,"99.16","5.5501",NULL,"30.574","84.33200000000001",NULL
31,"Australia",2015,"82.28","99.922",NULL,"99.4","5.312",NULL,"33.694","114.4",NULL
32,"Australia",2019,"83.04","100.0",NULL,"96.85","5.2716",NULL,"36.225","124.8",NULL
33,"Austria",2000,"78.17","100.0",NULL,"98.3",NULL,NULL,"37.148","54.43399999999999",NULL
34,"Austria",2010,"80.39","100.0",NULL,"98.55999999999999","5.7005",NULL,"46.292","65.422","11.0283"
35,"Austria",2015,"80.98","100.0",NULL,"98.52000000000001","5.4568","98.0","49.68","69.01","10.5842"
36,"Austria",2019,"81.65","100.0",NULL,"98.40000000000002","5.5007",NULL,"51.465","47.903333333333336","10.0165"
37,"Azerbaijan",2000,"65.52","54.93",NULL,"92.1",NULL,"98.791801","36.07000000000001","91.602",NULL
38,"Azerbaijan",2010,"69.03","70.674","83.24","97.2","2.7806","99.71096533333333","36.598","80.22399999999999","11.0422"
39,"Azerbaijan",2015,"70.67","76.996","83.24","99.82000000000001","2.9517","99.7876022","34.575","68.64","13.4979"
40,"Azerbaijan",2019,"71.43","81.0","83.24","99.66666666666667","2.4738",NULL,NULL,NULL,"15.4298"
41,"Bahamas",2000,"70.94","98.25",NULL,"99.0","2.2328",NULL,"10.74","45.53",NULL
42,"Bahamas",2010,"72.96","98.586",NULL,"99.0",NULL,NULL,"27.55","40.47","14.1453"
43,"Bahamas",2015,"72.92","98.80199999999999",NULL,"98.725",NULL,NULL,"23.08","40.55","21.0412"
44,"Bahamas",2019,"73.21","98.89",NULL,"99.0",NULL,NULL,"20.07","39.09","19.4489"
45,"Bahrain",2000,"70.47","99.9",NULL,"97.7",NULL,NULL,"10.2","29.81",NULL
46,"Bahrain",2010,"74.52","99.98",NULL,"98.22","2.4968","94.556793","9.878","25.6575",NULL
47,"Bahrain",2015,"76.46","100.0",NULL,"99.78","2.596766666666667","95.717262","9.478","24.934","11.7316"
48,"Bahrain",2019,"75.81","100.0",NULL,"99.80000000000001","2.3272",NULL,NULL,NULL,"11.9232"
49,"Bangladesh",2000,"65.59","94.15",NULL,NULL,NULL,NULL,NULL,NULL,NULL
50,"Bangladesh",2010,"70.29","95.47600000000001","33.062","21.53333333333333","1.9394",NULL,"3.4120000000000004","1.9259999999999997","44.366600000000005"
51,"Bangladesh",2015,"73.58","96.15599999999999","34.022000000000006","36.06666666666667","2.07085","61.034525","4.362","2.282",NULL
52,"Bangladesh",2019,"74.25","96.655","34.71","56.76666666666667","1.76075",NULL,"5.403333333333332","3.3066666666666666","30.0546"
53,"Barbados",2000,"74.5","98.32",NULL,"98.0",NULL,NULL,"13.44","58.27",NULL
54,"Barbados",2010,"75.88","98.4","88.46999999999998","100.0","5.4797",NULL,NULL,NULL,"13.77485"
55,"Barbados",2015,"76.22","98.45","88.47","99.25999999999999","6.2294",NULL,NULL,NULL,"13.4032"
56,"Barbados",2019,"76.03","98.485","88.47","99.1","4.8746",NULL,"24.84","30.395000000000003","13.9917"
57,"Belarus",2000,"68.85","98.88",NULL,"99.9",NULL,"99.59072900000001","32.19","89.46",NULL
58,"Belarus",2010,"70.39","97.864",NULL,"99.9","5.0917","99.617058","33.188","103.34","14.9662"
59,"Belarus",2015,"73.82","96.312",NULL,"99.8","4.73615","99.722038","49.303999999999995","108.7","17.5701"
60,"Belarus",2019,"74.81","95.97",NULL,NULL,"4.795",NULL,NULL,NULL,"19.2326"
61,"Belgium",2000,"77.66","100.0",NULL,NULL,NULL,NULL,"28.064999999999998",NULL,NULL
62,"Belgium",2010,"79.85","100.0",NULL,NULL,"6.408",NULL,"28.942","97.826","11.0343"
63,"Belgium",2015,"80.71","100.0",NULL,NULL,"6.58955",NULL,"29.612000000000002","109.86000000000001","11.2313"
64,"Belgium",2019,"81.42","100.0",NULL,NULL,"6.5451",NULL,"30.695","168.03333333333333","11.277000000000001"
65,"Belize",2000,"70.34","84.26",NULL,NULL,NULL,NULL,"10.15","12.25",NULL
66,"Belize",2010,"73.39","90.242","78.178","93.78","6.6296",NULL,"7.66","18.11","22.2434"
67,"Belize",2015,"74.05","94.096","83.976","93.13333333333333","6.7662","82.77681700000001","8.555","15.4825","20.4364"
68,"Belize",2019,"74.41","96.82","89.32","94.2","7.3788",NULL,"11.23","20.069999999999997","19.684800000000003"
69,"Benin",2000,"56.59","52.04","1.03",NULL,NULL,NULL,NULL,NULL,NULL
70,"Benin",2010,"60.47","55.302","5.624","74.0","5.0293","28.702109999999998","0.5900000000000001","6.359999999999999","46.3918"
71,"Benin",2015,"61.96","57.162","8.935999999999998","79.05000000000001","4.3564","38.447140000000005","1.36","5.623333333333334","44.622749999999996"
72,"Benin",2019,"63.43","58.22","11.004999999999999","78.1","4.0381",NULL,"0.635","5.745","41.46893333333333"
73,"Bhutan",2000,"65.7","78.3",NULL,NULL,NULL,NULL,NULL,NULL,NULL
74,"Bhutan",2010,"71.01","87.956","79.24199999999999","61.5","4.0245",NULL,"2.36","9.059999999999999","25.8961"
75,"Bhutan",2015,"72.15","93.736","79.66499999999999","83.6","6.6126000000000005","60.470209000000004","3.1174999999999997","12.4375","31.99515"
76,"Bhutan",2019,"73.11","96.73",NULL,"94.13333333333333","6.6404",NULL,"4.1066666666666665","16.733333333333334","34.6687"
77,"Bolivia (Plurinational State of)",2000,"66.02","54.22",NULL,NULL,NULL,NULL,NULL,NULL,NULL
78,"Bolivia (Plurinational State of)",2010,"70.34","65.796","25.15","71.1",NULL,NULL,"3.8549999999999995","7.205",NULL
79,"Bolivia (Plurinational State of)",2015,"71.52","72.702","25.258000000000003","78.775",NULL,NULL,"4.67","9.6",NULL
80,"Bolivia (Plurinational State of)",2019,"72.14","77.44","25.365000000000002","86.93333333333334",NULL,NULL,"15.9","13.385",NULL
81,"Bosnia and Herzegovina",2000,"75.42","96.26",NULL,"98.9",NULL,"96.663101","14.55","44.915",NULL
82,"Bosnia and Herzegovina",2010,"76.19","96.452","97.10666666666667","99.9",NULL,NULL,"16.851999999999997","51.896",NULL
83,"Bosnia and Herzegovina",2015,"76.32","95.174","97.14","99.9",NULL,"98.43170549999999","20.318","59.428","17.164"
84,"Bosnia and Herzegovina",2019,"76.75","94.85","97.16","99.90000000000002",NULL,NULL,NULL,"55.90333333333333","16.9265"
85,"Botswana",2000,"45.59","53.58",NULL,"97.3",NULL,NULL,"2.9599999999999995","28.116666666666664",NULL
86,"Botswana",2010,"58.14","59.367999999999995",NULL,"98.16","9.6329",NULL,"3.682","29.274","25.3688"
87,"Botswana",2015,"60.93","68.288",NULL,"99.74000000000001",NULL,"87.96596149999999","4.039999999999999","21.55333333333333","23.564300000000003"
88,"Botswana",2019,"62.25","74.62",NULL,"99.75",NULL,NULL,"5.27","47.59",NULL
89,"Brazil",2000,"71.47","74.08",NULL,"98.6",NULL,"86.367882","12.66","24.974",NULL
90,"Brazil",2010,"74.09","80.97200000000001",NULL,"98.76000000000002","5.6488","90.0677216","17.686","9.7","22.1661"
91,"Brazil",2015,"75.13","85.28",NULL,"99.05999999999999","5.98925","91.70503425000001","18.655","84.86666666666666","20.5853"
92,"Brazil",2019,"75.9","88.805",NULL,"99.1",NULL,NULL,"21.645","97.36","20.2231"
93,"Brunei Darussalam",2000,"72.2","99.9",NULL,"99.2","3.7059",NULL,"10.08","38.9",NULL
94,"Brunei Darussalam",2010,"74.57","99.9",NULL,"99.76000000000002","2.0466",NULL,"12.441999999999998","56.29","11.6494"
95,"Brunei Darussalam",2015,"74.4","99.9",NULL,"99.8","3.3532",NULL,"15.904","73.49","10.0166"
96,"Brunei Darussalam",2019,"74.32","99.9",NULL,"99.9","4.4254",NULL,"16.09","61.56","9.8952"
97,"Bulgaria",2000,"71.61","99.47",NULL,"99.8",NULL,NULL,"35.0","61.46",NULL
98,"Bulgaria",2010,"73.64","98.94",NULL,"99.53999999999999","3.8635",NULL,"37.032000000000004","46.93599999999999","17.4901"
99,"Bulgaria",2015,"74.55","98.44",NULL,"99.73333333333333","4.0769","98.370514","39.436","48.23800000000001","17.7336"
100,"Bulgaria",2019,"75.07","98.1",NULL,NULL,NULL,NULL,NULL,NULL,"16.4088"
101,"Burkina Faso",2000,"51.64","50.79","5.88",NULL,NULL,"12.84817",NULL,NULL,NULL
102,"Burkina Faso",2010,"58.59","44.152","8.831999999999999","59.7","4.2638","25.600894999999998","0.41","4.433333333333334","52.3999"
103,"Burkina Faso",2015,"60.92","39.15","10.554","79.8","4.1661","36.1730555","0.49799999999999994","5.348","42.1772"
104,"Burkina Faso",2019,"62.7","35.519999999999996","11.715",NULL,"6.0361",NULL,"0.75","7.71","39.7217"
105,"Burundi",2000,"43.78","47.84",NULL,NULL,NULL,"59.303619",NULL,NULL,NULL
106,"Burundi",2010,"58.6","51.907999999999994","6.049999999999999","60.3","6.7753","86.947868","0.48","6.89","50.6021"
107,"Burundi",2015,"62.05","54.507999999999996","6.1259999999999994",NULL,"6.177933333333333","85.496094","0.528","6.848000000000001","43.43745"
108,"Burundi",2019,"63.84","56.355000000000004","6.14","85.1","5.0108",NULL,"1.0","8.53","46.069050000000004"
109,"Cabo Verde",2000,"70.97","70.31",NULL,NULL,NULL,NULL,NULL,NULL,NULL
110,"Cabo Verde",2010,"74.12","71.12",NULL,"79.9","5.464766666666667",NULL,"5.545","10.605","23.6404"
111,"Cabo Verde",2015,"74.88","71.83200000000001",NULL,"94.5","5.2669",NULL,"6.2075","9.668000000000001","21.9478"
112,"Cabo Verde",2019,"74.03","75.05",NULL,"92.5","5.231",NULL,NULL,"12.433333333333332","21.0736"
113,"Cambodia",2000,"58.68","47.05",NULL,NULL,NULL,"67.33503","1.4333333333333333","9.94",NULL
114,"Cambodia",2010,"67.22","59.19199999999999","65.35666666666667","71.0","1.5338","75.743286","2.373333333333333","8.516666666666667","49.91716666666667"
115,"Cambodia",2015,"69.17","66.80799999999999","65.782","80.35","1.8402666666666665","78.34594","2.65","9.282","45.5212"
116,"Cambodia",2019,"70.12","72.14500000000001","66.17",NULL,"2.1629",NULL,NULL,"7.023333333333333","41.683099999999996"
117,"Cameroon",2000,"52.82","37.94",NULL,NULL,NULL,"68.409157",NULL,NULL,NULL
118,"Cameroon",2010,"56.58","38.908","8.91","58.9","2.9937","70.9852255","0.7399999999999999","4.503333333333333","45.915"
119,"Cameroon",2015,"59.11","39.068","9.120000000000001","60.400000000000006","2.7444333333333333","74.98558","0.88","4.609","42.8305"
120,"Cameroon",2019,"62.36","39.01","9.365","69.0","3.1453",NULL,NULL,NULL,"43.78475"
121,"Canada",2000,"79.1","98.18",NULL,"99.3","5.442",NULL,NULL,NULL,"17.416"
122,"Canada",2010,"81.31","98.39399999999999",NULL,"98.68","5.3699",NULL,NULL,NULL,NULL
123,"Canada",2015,"81.76","98.664",NULL,"98.05999999999999","5.2744",NULL,NULL,"96.82000000000001",NULL
124,"Canada",2019,"82.24","98.85499999999999",NULL,"97.89999999999999",NULL,NULL,"23.11","99.24333333333334",NULL
125,"Central African Republic",2000,"44.34","44.01",NULL,NULL,NULL,"50.645168",NULL,NULL,NULL
126,"Central African Republic",2010,"48.51","37.302","16.474","41.699999999999996","1.2038","36.752609","0.43999999999999995","2.2399999999999998","89.46645000000001"
127,"Central African Republic",2015,"50.53","33.93","16.565",NULL,"1.1079","36.752609","0.72","1.6099999999999999","80.71315"
128,"Central African Republic",2019,"53.1","33.75",NULL,NULL,NULL,NULL,NULL,NULL,"83.412"
129,"Chad",2000,"51.08","31.73",NULL,NULL,NULL,"25.654208999999998","0.2575","0.7225",NULL
130,"Chad",2010,"55.65","30.75",NULL,"16.6","1.9819",NULL,"0.35","1.81","61.61175"
131,"Chad",2015,"57.91","30.064","5.726000000000001","24.3","2.438266666666667","39.5339565","0.44499999999999995","2.8325","55.5418"
132,"Chad",2019,"59.63","29.545","5.805",NULL,"2.2419",NULL,"0.44999999999999996","2.32","56.8879"
133,"Chile",2000,"76.77","74.56",NULL,"99.0",NULL,NULL,NULL,NULL,NULL
134,"Chile",2010,"78.46","87.14999999999999",NULL,"99.78","4.1964","98.60134500000001","11.155999999999999","3.336","23.4115"
135,"Chile",2015,"79.82","95.01599999999999",NULL,"99.78","4.8753","96.53374733333334","18.776","48.322","18.3778"
136,"Chile",2019,"80.74","99.16499999999999",NULL,"99.75","5.4027",NULL,"24.42","122.33333333333333","17.7936"
137,"China",2000,"71.58","70.4",NULL,"96.6",NULL,"90.920212","11.983999999999998","9.528000000000002",NULL
138,"China",2010,"74.89","77.34599999999999",NULL,"98.84",NULL,"95.124481","13.354","12.576","16.8438"
139,"China",2015,"76.64","82.256",NULL,"99.84",NULL,"96.357452","16.19","19.660000000000004","16.5414"
140,"China",2019,"77.43","85.665",NULL,"99.9",NULL,NULL,"19.225","25.645000000000003","16.4268"
141,"Colombia",2000,"73.75","71.1",NULL,"92.9",NULL,"91.207161","12.795000000000002","5.115",NULL
142,"Colombia",2010,"77.09","78.328",NULL,"97.28","4.8416","92.9893342","15.433999999999997","7.796000000000001","28.720100000000002"
143,"Colombia",2015,"78.35","82.84","64.99333333333334","98.91999999999999","4.4704","94.11368033333333","18.417499999999997","10.468","24.2394"
144,"Colombia",2019,"79.31","86.0","65.325","98.93333333333334","4.5026",NULL,"21.083333333333332","12.746666666666668","23.3015"
145,"Comoros",2000,"61.51","89.65",NULL,NULL,NULL,"68.489227",NULL,NULL,NULL
146,"Comoros",2010,"64.98","83.52","15.550000000000002",NULL,"4.4227",NULL,"1.9","7.03","30.1533"
147,"Comoros",2015,"66.45","78.38","15.560000000000002","82.2","2.4871","77.8553315","1.7","6.595000000000001","27.808000000000003"
148,"Comoros",2019,"67.39","76.91","15.57",NULL,NULL,NULL,"2.72","6.29","28.0578"
149,"Congo",2000,"52.12","18.01",NULL,NULL,NULL,NULL,"7.3",NULL,NULL
150,"Congo",2010,"60.95","27.418",NULL,NULL,"6.2208",NULL,"1.43","9.133333333333333","56.763149999999996"
151,"Congo",2015,"63.11","37.24400000000001","47.52","91.85","4.5615","79.311172","1.65","10.754999999999999","44.442"
152,"Congo",2019,"64.74","44.629999999999995","47.905",NULL,"3.6364",NULL,NULL,"6.865",NULL
153,"Costa Rica",2000,"78.0","87.02",NULL,"98.4",NULL,"94.868187","13.13","9.22",NULL
154,"Costa Rica",2010,"79.56","93.304","83.76","98.16","6.6345",NULL,"21.63","16.767999999999997","17.8517"
155,"Costa Rica",2015,"80.78","97.232","83.81800000000001","97.1","7.0825","97.5269125","19.985999999999997","22.348","12.6763"
156,"Costa Rica",2019,"80.85","99.53",NULL,"98.83333333333333","7.0282",NULL,"24.076666666666668","31.996666666666666","12.2047"
157,"Croatia",2000,"74.36","100.0",NULL,"99.9",NULL,NULL,"25.851999999999997","47.134",NULL
158,"Croatia",2010,"76.72","98.23799999999999",NULL,"99.9","4.2379",NULL,"27.107999999999997","55.69","14.2561"
159,"Croatia",2015,"77.58","99.318",NULL,"99.9","4.35205","99.198975","30.372000000000003","60.88199999999999","13.702"
160,"Croatia",2019,"78.64","99.57",NULL,"99.9",NULL,NULL,"30.0","81.22","13.5061"
161,"Cuba",2000,"76.76","80.2",NULL,"99.9",NULL,NULL,"57.459999999999994",NULL,NULL
162,"Cuba",2010,"77.65","85.18599999999999","85.15","99.9","12.35275",NULL,"65.808","89.35","9.1287"
163,"Cuba",2015,"77.91","88.38199999999999","85.178","99.9",NULL,"99.73162450000001","74.08200000000002","80.14333333333333","8.8992"
164,"Cuba",2019,"77.76","90.31","85.195","99.90000000000002",NULL,NULL,"82.23666666666668","77.16000000000001","9.1603"
165,"Cyprus",2000,"78.75","100.0",NULL,"97.9",NULL,NULL,"18.939999999999998","32.086",NULL
166,"Cyprus",2010,"81.02","99.792",NULL,"98.17999999999999","6.5803",NULL,"20.330000000000002","34.025999999999996","13.7531"
167,"Cyprus",2015,"82.01","99.618",NULL,"98.28","6.3753","98.8691025","24.150000000000002","38.238","11.9151"
168,"Cyprus",2019,"83.14","99.55",NULL,"96.63333333333333","6.2914",NULL,"19.51","52.51","12.0392"
169,"Czechia",2000,"74.95","99.61",NULL,"99.8",NULL,NULL,"31.064","78.45399999999998",NULL
170,"Czechia",2010,"77.56","99.72",NULL,"99.66","4.0645",NULL,"35.338","84.264","17.1824"
171,"Czechia",2015,"78.46","99.8",NULL,"99.85","5.7889","99.0","37.522000000000006","83.686","18.9318"
172,"Czechia",2019,"79.13","99.82",NULL,"99.8","5.5874",NULL,"40.693333333333335","83.985",NULL
173,"Côte d’Ivoire",2000,"50.33","55.55",NULL,NULL,NULL,NULL,NULL,NULL,NULL
174,"Côte d’Ivoire",2010,"56.62","56.648","18.656","56.8",NULL,NULL,"1.4","4.71",NULL
175,"Côte d’Ivoire",2015,"60.2","57.312","19.035999999999998","59.4",NULL,NULL,"1.92","5.3225",NULL
176,"Côte d’Ivoire",2019,"62.92","57.769999999999996","19.310000000000002","73.6",NULL,NULL,NULL,"5.566666666666666",NULL
177,"Democratic People's Republic of Korea",2000,"63.95","99.1",NULL,NULL,NULL,NULL,NULL,NULL,NULL
178,"Democratic People's Republic of Korea",2010,"70.18","96.62800000000001",NULL,"100.0",NULL,NULL,"32.88","41.45",NULL
179,"Democratic People's Republic of Korea",2015,"71.76","93.048",NULL,NULL,NULL,NULL,"34.760000000000005",NULL,NULL
180,"Democratic People's Republic of Korea",2019,"72.63","90.545",NULL,"99.5",NULL,NULL,"36.92","44.49",NULL
181,"Democratic Republic of the Congo",2000,"52.44","15.52",NULL,NULL,NULL,NULL,NULL,NULL,NULL
182,"Democratic Republic of the Congo",2010,"57.51","19.032","4.220000000000001","69.25",NULL,NULL,"0.93","4.1",NULL
183,"Democratic Republic of the Congo",2015,"60.44","21.374000000000002","4.356","80.1",NULL,NULL,"0.9","9.04",NULL
184,"Democratic Republic of the Congo",2019,"62.35","22.83","4.455",NULL,NULL,NULL,"0.74","6.766666666666667",NULL
185,"Denmark",2000,"76.93","100.0",NULL,"98.8",NULL,NULL,"28.272000000000002","93.26599999999999",NULL
186,"Denmark",2010,"79.17","100.0",NULL,"98.425","8.5596",NULL,"35.638","98.636",NULL
187,"Denmark",2015,"80.59","100.0",NULL,"96.86","8.06465",NULL,"38.456","102.12","10.7374"
188,"Denmark",2019,"81.32","100.0",NULL,"94.8",NULL,NULL,"40.1","103.2",NULL
189,"Djibouti",2000,"59.84","54.72",NULL,NULL,NULL,NULL,"1.33","7.04",NULL
190,"Djibouti",2010,"61.87","51.114000000000004",NULL,"78.4","6.44825",NULL,"2.33",NULL,"34.1401"
191,"Djibouti",2015,"64.64","48.86",NULL,"87.4","5.3407",NULL,"2.24","4.59","34.128550000000004"
192,"Djibouti",2019,"65.81","47.285",NULL,NULL,"5.67535",NULL,NULL,NULL,"29.3745"
193,"Dominican Republic",2000,"73.22","79.43",NULL,NULL,NULL,NULL,"18.5","18.12",NULL
194,"Dominican Republic",2010,"73.17","84.65799999999999","54.1","97.03333333333335","2.0468","88.891594","10.98","13.25","25.5314"
195,"Dominican Republic",2015,"71.75","88.006","54.59400000000001","98.7",NULL,"91.0697588","15.27","14.2575","18.291"
196,"Dominican Republic",2019,"72.84","90.16","55.11","99.8",NULL,NULL,NULL,"12.523333333333333","18.92005"
197,"Ecuador",2000,"74.53","70.22",NULL,NULL,"1.1509",NULL,"13.548000000000002","16.63",NULL
198,"Ecuador",2010,"75.02","76.364","80.55","83.92","4.5074","86.75124133333333","18.545","17.689999999999998","21.984"
199,"Ecuador",2015,"77.18","80.3","80.59","92.72","4.9987","93.136876","18.615","21.814999999999998","25.1082"
200,"Ecuador",2019,"78.45","100.0","80.625","96.10000000000001",NULL,NULL,"20.37","27.290000000000003","24.2622"
201,"Egypt",2000,"69.82","96.69","66.05",NULL,NULL,"55.587002000000005",NULL,NULL,NULL
202,"Egypt",2010,"70.2","97.692","77.99000000000001","78.9","3.7608","69.2088815",NULL,"23.36","27.4718"
203,"Egypt",2015,"70.49","98.318","85.382","91.5",NULL,"74.92298133333334","9.8","19.566666666666666",NULL
204,"Egypt",2019,"71.82","98.755","89.83",NULL,NULL,NULL,"6.906666666666666","19.26","23.6795"
205,"El Salvador",2000,"72.5","55.52",NULL,NULL,NULL,NULL,"12.44",NULL,NULL
206,"El Salvador",2010,"74.5","71.506","90.29","94.74000000000001","4.2531","83.6270022","18.82","13.68","31.0044"
207,"El Salvador",2015,"73.25","84.02000000000001","90.45","99.24","3.9099","86.636594",NULL,"17.64","29.6944"
208,"El Salvador",2019,"75.03","92.015","90.625","99.90000000000002","3.721633333333333",NULL,"15.66","18.253333333333334","26.8947"
209,"Equatorial Guinea",2000,"54.31","38.69",NULL,NULL,NULL,"88.308296",NULL,NULL,"43.3927"
210,"Equatorial Guinea",2010,"59.65","33.82","24.2025",NULL,NULL,NULL,NULL,NULL,"27.1674"
211,"Equatorial Guinea",2015,"61.13","31.142000000000003","24.561999999999998","68.3",NULL,"95.076202",NULL,NULL,"23.2271"
212,"Equatorial Guinea",2019,"62.19","30.78",NULL,NULL,NULL,NULL,"4.02","5.02",NULL
213,"Eritrea",2000,"54.51","30.99",NULL,NULL,NULL,NULL,NULL,NULL,NULL
214,"Eritrea",2010,"60.7","28.863999999999997",NULL,"34.1","2.127",NULL,NULL,NULL,"37.959"
215,"Eritrea",2015,"62.29","27.854000000000003",NULL,NULL,NULL,"73.317871",NULL,"12.44","43.3362"
216,"Eritrea",2019,"64.08","27.8",NULL,NULL,NULL,NULL,"0.63","14.020000000000001","38.7409"
217,"Estonia",2000,"70.94","97.29",NULL,"99.5",NULL,"99.767197","31.403999999999996","81.00200000000001",NULL
218,"Estonia",2010,"75.87","98.374",NULL,"99.34","5.527",NULL,"32.562","65.644","11.1564"
219,"Estonia",2015,"77.6","99.026",NULL,"99.4","4.9887","99.8546485","33.356","62.73199999999999","11.4995"
220,"Estonia",2019,"78.88","99.19",NULL,"99.23333333333335","5.1732",NULL,"38.00333333333334","80.39999999999999","11.3115"
221,"Eswatini",2000,"47.05","42.52",NULL,NULL,NULL,"81.660698",NULL,"33.27",NULL
222,"Eswatini",2010,"47.43","51.76800000000001","23.625999999999998","75.5","6.1184","83.09828900000001","1.64","15.38","32.79165"
223,"Eswatini",2015,"54.05","57.24000000000001","23.904","88.3","7.1277","87.470192","1.02","29.389999999999997","27.8397"
224,"Eswatini",2019,"57.73","60.42","24.075000000000003",NULL,NULL,NULL,"3.29","39.50333333333334","26.93505"
225,"Ethiopia",2000,"50.58","18.7",NULL,NULL,NULL,NULL,NULL,NULL,"67.3391"
226,"Ethiopia",2010,"62.92","20.776",NULL,NULL,"4.4966","38.995979","0.2475","2.265","55.99955"
227,"Ethiopia",2015,"66.82","26.924","7.67","12.75","4.7379","49.031521000000005",NULL,"0.73","55.0693"
228,"Ethiopia",2019,"68.7","30.59","7.915","27.7",NULL,NULL,"0.7400000000000001","5.533333333333334",NULL
229,"Fiji",2000,"65.9","90.65",NULL,"96.9",NULL,NULL,"3.36","19.55",NULL
230,"Fiji",2010,"67.6","89.82000000000001",NULL,"99.32000000000001","4.4985",NULL,"4.175000000000001","22.015","26.0328"
231,"Fiji",2015,"67.83","89.12",NULL,"99.64000000000001","4.028",NULL,"8.379999999999999","29.605","27.9973"
232,"Fiji",2019,"68.01","88.7",NULL,"99.8",NULL,NULL,NULL,"33.75",NULL
233,"Finland",2000,"77.6","100.0",NULL,"98.4",NULL,"100.0","28.064999999999998","129.95",NULL
234,"Finland",2010,"79.88","100.0",NULL,"99.8","6.5407",NULL,"30.947999999999997","137.94","14.0306"
235,"Finland",2015,"81.21","100.0",NULL,"99.775","7.0801",NULL,"32.854","118.52000000000001","13.332"
236,"Finland",2019,"81.61","100.0",NULL,"99.93333333333334","6.8974",NULL,"38.12","147.4","13.6669"
237,"France",2000,"78.91","100.0",NULL,NULL,NULL,NULL,"33.3","25.230000000000004",NULL
238,"France",2010,"81.22","100.0",NULL,"97.96000000000001",NULL,NULL,"34.028","85.52","17.7664"
239,"France",2015,"81.91","100.0",NULL,"97.52",NULL,NULL,"31.936","99.672","18.1766"
240,"France",2019,"82.48","100.0",NULL,"97.83333333333333",NULL,NULL,"32.54","111.73333333333335",NULL
241,"Gabon",2000,"58.1","37.02",NULL,NULL,"3.8271",NULL,NULL,NULL,NULL
242,"Gabon",2010,"62.16","47.062000000000005",NULL,NULL,"3.0781",NULL,"0.97",NULL,NULL
243,"Gabon",2015,"64.93","52.636",NULL,"89.3","2.6667","82.76083750000001",NULL,"2.41","24.531"
244,"Gabon",2019,"66.47","55.05",NULL,NULL,NULL,NULL,"5.19","27.450000000000003",NULL
245,"Gambia",2000,"59.24","67.84",NULL,NULL,NULL,"36.81773",NULL,NULL,NULL
246,"Gambia",2010,"62.42","65.47800000000001","7.159999999999999","54.1","4.1561",NULL,"1.0366666666666666","6.926666666666667","37.4817"
247,"Gambia",2015,"64.14","63.976","7.566","57.2","3.11825","54.980162","1.02","9.766666666666666","35.504099999999994"
248,"Gambia",2019,"65.47","63.37","7.84","82.7","2.4328",NULL,NULL,NULL,"36.1381"
249,"Georgia",2000,"69.41","86.97",NULL,"95.5",NULL,NULL,"36.458000000000006","48.278",NULL
250,"Georgia",2010,"71.87","90.47999999999999",NULL,"99.41999999999999","3.0709999999999997",NULL,"40.88","39.368","8.9205"
251,"Georgia",2015,"72.58","93.35400000000001",NULL,"99.86000000000001","1.9833","99.755932","46.566","38.55800000000001","9.0166"
252,"Georgia",2019,"73.28","97.85499999999999",NULL,"99.65","3.8497",NULL,"64.15666666666667","45.28333333333333","8.9819"
253,"Germany",2000,"78.09","100.0",NULL,"98.6",NULL,NULL,"31.907999999999998","102.9",NULL
254,"Germany",2010,"80.17","100.0",NULL,"98.4","4.9137",NULL,"36.022000000000006","115.32000000000001","12.6838"
255,"Germany",2015,"80.42","100.0",NULL,"98.55999999999999","4.8052",NULL,"39.99400000000001","124.82000000000001","12.2231"
256,"Germany",2019,"81.72","100.0",NULL,"98.3","4.8009",NULL,"42.215","131.9","12.3029"
257,"Ghana",2000,"59.24","54.03",NULL,NULL,NULL,"57.897468999999994",NULL,NULL,NULL
258,"Ghana",2010,"62.0","60.61600000000001",NULL,"53.20000000000001","5.5406","71.49707","0.825","10.74","33.1118"
259,"Ghana",2015,"64.55","64.508","40.88666666666666","69.0","4.50135","76.575897","0.97","10.197500000000002","31.2559"
260,"Ghana",2019,"66.28","67.165","41.019999999999996","78.1","3.9894",NULL,"1.315","28.89333333333333","27.2456"
261,"Greece",2000,"78.17","98.69",NULL,"99.94",NULL,NULL,"40.61","28.32",NULL
262,"Greece",2010,"80.1","99.532",NULL,"99.97",NULL,NULL,"37.45399999999999","35.566","10.2889"
263,"Greece",2015,"80.38","99.97",NULL,"99.92999999999998",NULL,"96.41262449999999","45.722","36.23800000000001","9.5457"
264,"Greece",2019,"81.1","100.0",NULL,"99.92333333333333",NULL,NULL,"54.415","35.93","9.3803"
265,"Grenada",2000,"71.97","93.31",NULL,"100.0",NULL,NULL,"5.146666666666666","37.04",NULL
266,"Grenada",2010,"71.97","95.166",NULL,"99.4",NULL,NULL,"6.58","37.94","16.0552"
267,"Grenada",2015,"72.7","95.744",NULL,"99.2",NULL,NULL,NULL,NULL,"16.9975"
268,"Grenada",2019,"72.88","95.63",NULL,"99.65","3.1704",NULL,"14.07","46.705","16.3507"
269,"Guatemala",2000,"66.78","78.4",NULL,NULL,NULL,NULL,"8.75",NULL,NULL
270,"Guatemala",2010,"69.3","84.066",NULL,"45.06666666666666","2.9938000000000002",NULL,"9.04","8.7","26.8672"
271,"Guatemala",2015,"70.95","87.574","76.484","63.5","2.9552","78.9159105",NULL,"0.535","22.982"
272,"Guatemala",2019,"72.02","90.00999999999999","76.64500000000001","69.8","2.9271",NULL,"3.55","0.6766666666666666","20.2623"
273,"Guinea",2000,"54.26","53.1",NULL,NULL,NULL,"20.553749","0.93","4.62",NULL
274,"Guinea",2010,"58.07","52.182","17.080000000000002","46.1","2.5512","25.307739",NULL,NULL,"43.1487"
275,"Guinea",2015,"58.81","50.566","17.28","45.3","2.5171","30.472790000000003","0.86","2.315","44.836200000000005"
276,"Guinea",2019,"61.01","48.980000000000004","17.424999999999997","59.0","2.5725",NULL,"0.83","1.24","47.1486"
277,"Guinea-Bissau",2000,"50.28","41.41",NULL,NULL,NULL,"41.357769",NULL,NULL,"44.0649"
278,"Guinea-Bissau",2010,"55.43","47.568","6.254","37.0","1.8608",NULL,"0.69","6.805","57.07965"
279,"Guinea-Bissau",2015,"58.23","51.294","6.336","45.0","2.1325","59.2510855","1.34","5.4350000000000005",NULL
280,"Guinea-Bissau",2019,"60.22","53.48","6.395",NULL,NULL,NULL,"1.27","6.395",NULL
281,"Guyana",2000,"62.96","85.88",NULL,NULL,NULL,NULL,"4.9","23.28",NULL
282,"Guyana",2010,"64.77","89.89399999999999","77.16","93.32499999999999","3.6386","84.994011","4.51","11.645","24.6195"
283,"Guyana",2015,"65.59","93.728","77.16","93.26666666666667","4.1986","87.53531600000001",NULL,"6.803333333333334","23.1645"
284,"Guyana",2019,"65.69","100.0","77.16",NULL,"5.8884",NULL,"8.02","8.53",NULL
285,"Haiti",2000,"57.05","40.48",NULL,NULL,NULL,NULL,"2.38","1.02",NULL
286,"Haiti",2010,"31.28","41.576","24.466","26.1",NULL,"48.68502",NULL,NULL,NULL
287,"Haiti",2015,"62.61","42.186","23.97","42.95","3.1572","60.68935","1.115","7.34",NULL
288,"Haiti",2019,"64.05","42.585","23.005","41.6","2.7805",NULL,"2.34","6.8",NULL
289,"Honduras",2000,"70.04","75.99",NULL,NULL,NULL,NULL,"5.59","12.97",NULL
290,"Honduras",2010,"71.15","82.06","83.85333333333334","66.3",NULL,"84.17217600000001","2.95","8.6","33.8765"
291,"Honduras",2015,"69.82","85.78800000000001","84.032","77.4","6.14395","86.3130784","9.84","6.873333333333334","29.1457"
292,"Honduras",2019,"71.94","88.48","84.17","76.5","6.0812",NULL,"4.535","7.386666666666667","25.5977"
293,"Hungary",2000,"71.34","100.0",NULL,"99.5",NULL,NULL,"33.80200000000001","55.855999999999995",NULL
294,"Hungary",2010,"74.58","100.0",NULL,"99.49999999999999","4.769",NULL,"29.776","63.470000000000006","10.5786"
295,"Hungary",2015,"75.57","100.0",NULL,"99.17999999999999","4.5721","99.21549949999999","31.554000000000002","65.826","10.9786"
296,"Hungary",2019,"76.44","100.0",NULL,"99.7","4.7108",NULL,"33.28","67.87666666666667","10.7674"
297,"Iceland",2000,"79.7","100.0",NULL,"99.3",NULL,NULL,"20.095000000000002","138.33999999999997",NULL
298,"Iceland",2010,"81.68","100.0",NULL,"98.7","6.9785",NULL,"36.604","154.44",NULL
299,"Iceland",2015,"82.14","100.0",NULL,"97.96000000000001","7.5324",NULL,"35.894","159.4","10.03605"
300,"Iceland",2019,"82.33","100.0",NULL,"98.03333333333335","7.4599",NULL,"39.81333333333334","156.9333333333333",NULL
301,"India",2000,"62.11","74.28",NULL,NULL,NULL,NULL,"5.26","11.65",NULL
302,"India",2010,"67.23","81.764",NULL,"49.45","3.3777","62.754470999999995","6.162000000000001","8.203999999999999",NULL
303,"India",2015,"69.31","86.84","59.1225","81.4","3.8447","70.76393150000001","7.203333333333333","12.294","31.4915"
304,"India",2019,"70.79","90.475","59.485","81.4",NULL,NULL,"7.98","17.766666666666666","32.7496"
305,"Indonesia",2000,"67.17","65.61",NULL,NULL,NULL,NULL,NULL,NULL,NULL
306,"Indonesia",2010,"69.26","73.674","63.169999999999995","73.0","2.8123","92.25209033333333","1.4249999999999998","10.5","19.0117"
307,"Indonesia",2015,"70.61","78.31800000000001","63.760000000000005","85.25","3.4358","94.45527166666666","2.74","14.01","16.5594"
308,"Indonesia",2019,"71.31","81.525","64.14500000000001","93.5375",NULL,NULL,"4.02","22.34","17.0349"
309,"Iran (Islamic Republic of)",2000,"72.56","89.66",NULL,NULL,NULL,NULL,NULL,NULL,NULL
310,"Iran (Islamic Republic of)",2010,"75.86","89.37199999999999",NULL,"97.05000000000001","3.7092",NULL,"5.36","16.89","20.4884"
311,"Iran (Islamic Republic of)",2015,"76.66","89.056",NULL,"98.775","2.7994000000000003",NULL,"13.285","18.173333333333332","26.346249999999998"
312,"Iran (Islamic Republic of)",2019,"77.35","89.01",NULL,NULL,"3.9554",NULL,"13.565","15.36","28.5248"
313,"Iraq",2000,"68.77","52.88",NULL,NULL,NULL,"74.0522",NULL,NULL,NULL
314,"Iraq",2010,"70.24","70.808","89.85","84.1",NULL,NULL,"6.64",NULL,"16.9555"
315,"Iraq",2015,"70.29","82.052","92.184","80.65",NULL,"79.620232","10.36","18.71",NULL
316,"Iraq",2019,"72.42","89.935","94.285","95.6",NULL,NULL,"8.0","18.576666666666664",NULL
317,"Ireland",2000,"76.41","97.02",NULL,"99.6",NULL,NULL,"21.880000000000003","140.3",NULL
318,"Ireland",2010,"80.41","97.0",NULL,"99.75999999999999","6.038",NULL,"39.498000000000005","127.82000000000002","15.8038"
319,"Ireland",2015,"81.14","96.99",NULL,"99.76","3.7583",NULL,"36.291999999999994","139.35999999999999","16.0605"
320,"Ireland",2019,"81.84","96.98",NULL,"99.7","3.7197",NULL,"32.800000000000004","158.35",NULL
321,"Israel",2000,"78.57","100.0",NULL,NULL,NULL,NULL,"42.684","56.77",NULL
322,"Israel",2010,"81.56","100.0",NULL,NULL,"5.5416",NULL,"35.898","54.394000000000005","13.0633"
323,"Israel",2015,"81.93","100.0",NULL,NULL,"5.8545",NULL,"34.884","53.65","12.0884"
324,"Israel",2019,"82.62","100.0",NULL,NULL,"5.8493",NULL,"38.553333333333335","38.70333333333333","12.0707"
325,"Italy",2000,"79.36","100.0",NULL,NULL,NULL,NULL,"53.874",NULL,NULL
326,"Italy",2010,"81.9","99.69000000000001",NULL,"99.78","4.3524",NULL,"37.722","52.726","10.325999999999999"
327,"Italy",2015,"82.21","99.446",NULL,"99.9","4.0817","98.9320375","38.785999999999994","54.96999999999999","12.0272"
328,"Italy",2019,"82.97","99.38",NULL,"99.9","3.8293",NULL,"39.693333333333335","58.79","11.4807"
329,"Jamaica",2000,"74.22","88.19",NULL,NULL,NULL,"79.92012",NULL,NULL,NULL
330,"Jamaica",2010,"75.77","86.46799999999999","66.3425","92.93333333333334","6.253466666666667",NULL,"3.97","10.53",NULL
331,"Jamaica",2015,"75.85","84.40400000000001","66.39399999999999","99.5","5.4558","88.3160745","4.0424999999999995","14.5625","21.976"
332,"Jamaica",2019,"75.98","84.61",NULL,"99.7","5.4073",NULL,"8.805","12.936666666666667","24.7943"
333,"Japan",2000,"81.12","98.49",NULL,"99.8",NULL,NULL,"19.546666666666667","1.8966666666666665",NULL
334,"Japan",2010,"82.68","98.65",NULL,"99.8",NULL,NULL,"21.400000000000002","97.63666666666666",NULL
335,"Japan",2015,"83.62","98.85",NULL,"99.825","3.5906",NULL,"23.075","111.0","16.1767"
336,"Japan",2019,"84.26","98.99000000000001",NULL,"99.86666666666667","3.1862",NULL,"24.12","120.5","15.661"
337,"Jordan",2000,"72.65","98.36",NULL,NULL,NULL,NULL,"15.943333333333333","29.22",NULL
338,"Jordan",2010,"76.59","98.05",NULL,"99.1",NULL,"92.375309","22.637999999999998","32.63",NULL
339,"Jordan",2015,"77.82","97.856",NULL,"99.6",NULL,"97.26970666666666","24.02333333333333","24.626666666666665","16.9087"
340,"Jordan",2019,"77.87","97.72",NULL,"99.7","3.5885",NULL,"18.595","30.905","19.788"
341,"Kazakhstan",2000,"63.15","72.36",NULL,"98.3",NULL,"99.51265699999999","34.458","71.76599999999999",NULL
342,"Kazakhstan",2010,"68.43","81.108",NULL,"99.4","3.0607","99.732407","37.556","74.226","16.2478"
343,"Kazakhstan",2015,"71.91","87.25","99.0","99.854","2.7886","99.787849","39.475","77.006","16.2004"
344,"Kazakhstan",2019,"73.95","91.67","99.0","99.90000000000002","2.86455",NULL,NULL,NULL,"19.6391"
345,"Kenya",2000,"53.87","37.21",NULL,NULL,NULL,"82.22908000000001",NULL,NULL,NULL
346,"Kenya",2010,"61.18","43.112",NULL,"43.8","6.279","72.157028","1.6833333333333333","4.833333333333333","43.3344"
347,"Kenya",2015,"64.17","46.739999999999995","24.52","61.8","5.2713","78.023399","1.8625","10.93","30.6506"
348,"Kenya",2019,"66.09","49.254999999999995","24.63",NULL,"5.3202",NULL,"1.57","10.87",NULL
349,"Kiribati",2000,"55.73","50.03",NULL,"85.0",NULL,NULL,NULL,"23.41",NULL
350,"Kiribati",2010,"58.01","60.19",NULL,"81.03333333333333",NULL,NULL,"3.255","37.9","24.9969"
351,"Kiribati",2015,"58.2","66.53999999999999",NULL,NULL,NULL,NULL,"1.7349999999999999","42.89","26.3713"
352,"Kiribati",2019,"59.42","70.985",NULL,NULL,NULL,NULL,NULL,"38.34","25.4886"
353,"Kuwait",2000,"77.86","100.0",NULL,NULL,NULL,NULL,NULL,NULL,NULL
354,"Kuwait",2010,"79.83","100.0",NULL,"98.67999999999999","3.76","93.61750799999999","19.078000000000003","48.977999999999994","8.468499999999999"
355,"Kuwait",2015,"81.13","100.0",NULL,"98.98",NULL,"95.738899","25.506","65.88","8.8623"
356,"Kuwait",2019,"80.97","100.0",NULL,"99.9",NULL,NULL,NULL,"72.84666666666666","8.8807"
357,"Kyrgyzstan",2000,"65.95","72.91",NULL,"98.6",NULL,"98.701607","29.945999999999998","85.524",NULL
358,"Kyrgyzstan",2010,"69.17","77.26","89.16","98.26000000000002","5.8188","99.24140200000001","23.68","57.855999999999995","24.2844"
359,"Kyrgyzstan",2015,"71.59","80.21799999999999","89.182","98.85","5.75855","99.50131999999999","22.555","60.2225","26.1937"
360,"Kyrgyzstan",2019,"74.18","81.98","89.215","99.8","6.0262",NULL,NULL,NULL,"24.9895"
361,"Lao People's Democratic Republic",2000,"58.41","37.99",NULL,NULL,NULL,NULL,"2.85","10.24",NULL
362,"Lao People's Democratic Republic",2010,"64.88","55.56999999999999",NULL,"18.9",NULL,NULL,"4.89","8.615",NULL
363,"Lao People's Democratic Republic",2015,"67.08","66.656","49.333333333333336","40.1",NULL,NULL,"3.7466666666666675","10.432500000000001",NULL
364,"Lao People's Democratic Republic",2019,"68.51","74.465","49.755","64.4",NULL,NULL,"3.73","10.82",NULL
365,"Latvia",2000,"70.18","95.79",NULL,NULL,NULL,"99.746567","33.86","49.176",NULL
366,"Latvia",2010,"72.94","96.83600000000001",NULL,"99.04999999999998","5.081",NULL,"31.266","55.218","11.8849"
367,"Latvia",2015,"74.8","97.58",NULL,"98.72","5.3372","99.894295","31.308","49.656000000000006","11.1325"
368,"Latvia",2019,"75.38","98.105",NULL,"99.9","4.7196",NULL,"31.9","47.790000000000006","11.5368"
369,"Lebanon",2000,"74.61","85.39",NULL,NULL,NULL,NULL,NULL,NULL,NULL
370,"Lebanon",2010,"75.53","89.056",NULL,NULL,"1.6143","89.612442","23.853333333333335","16.503333333333334","14.1419"
371,"Lebanon",2015,"75.98","91.344",NULL,NULL,"2.04055","94.051102","22.615","15.806666666666667","12.325999999999999"
372,"Lebanon",2019,"76.44","92.6",NULL,NULL,NULL,NULL,"20.473333333333333","16.293333333333333","12.329049999999999"
373,"Lesotho",2000,"47.82","64.39",NULL,NULL,NULL,"86.25443299999999",NULL,NULL,NULL
374,"Lesotho",2010,"47.38","61.92","1.96","61.5","12.0835","75.800201","0.69","6.66","37.2779"
375,"Lesotho",2015,"47.67","60.398","2.03","77.9",NULL,"79.36093100000001",NULL,NULL,"32.933"
376,"Lesotho",2019,"50.75","59.405","2.1100000000000003","86.6","6.5117",NULL,NULL,"32.57","32.9481"
377,"Liberia",2000,"53.77","49.53",NULL,NULL,NULL,NULL,NULL,NULL,"38.2734"
378,"Liberia",2010,"60.7","56.42800000000001","1.15","46.3","1.7017","42.941078000000005","0.20333333333333334","5.463333333333334","27.3615"
379,"Liberia",2015,"61.17","59.6","1.168","61.1","2.0281000000000002","47.60014","0.38","1.455","30.4464"
380,"Liberia",2019,"64.08","61.675","1.185",NULL,"2.5841",NULL,NULL,"5.32","22.3225"
381,"Libya",2000,"74.4","84.3",NULL,NULL,NULL,NULL,"12.45","34.74",NULL
382,"Libya",2010,"76.04","91.41",NULL,"99.1",NULL,NULL,"19.005","62.675",NULL
383,"Libya",2015,"74.6","95.86",NULL,"99.90000000000002",NULL,"91.2151565","19.759999999999998","68.765",NULL
384,"Libya",2019,"75.78","98.53",NULL,NULL,NULL,NULL,"20.91","65.31",NULL
385,"Lithuania",2000,"72.04","75.4",NULL,"100.0",NULL,NULL,"33.14","88.576",NULL
386,"Lithuania",2010,"73.14","83.57000000000001",NULL,"100.0","5.299",NULL,"34.35","76.286","12.8484"
387,"Lithuania",2015,"74.38","88.676",NULL,"100.0","4.2172","99.819439","41.832","77.724","12.8601"
388,"Lithuania",2019,"75.99","92.25",NULL,NULL,"4.0085",NULL,"53.04666666666666","85.98","13.517000000000001"
389,"Luxembourg",2000,"78.24","100.0",NULL,NULL,NULL,"100.0",NULL,"74.828",NULL
390,"Luxembourg",2010,"80.94","100.0",NULL,"99.9",NULL,NULL,"27.120000000000005","70.042","9.294"
391,"Luxembourg",2015,"82.31","100.0",NULL,NULL,"3.9552",NULL,"28.419999999999998","121.82000000000001","8.4577"
392,"Luxembourg",2019,"82.41","100.0",NULL,NULL,NULL,NULL,"29.57","121.65","8.3033"
393,"Madagascar",2000,"58.82","23.79","5.3",NULL,NULL,"70.686172",NULL,NULL,NULL
394,"Madagascar",2010,"62.79","29.506","34.06","43.9","3.04395","64.48091099999999","1.828","2.686","44.022549999999995"
395,"Madagascar",2015,"64.19","33.248","50.160000000000004","44.3","2.4609","64.65630300000001","1.5524999999999998","2.4433333333333334","41.45405"
396,"Madagascar",2019,"65.35","35.94",NULL,"46.0","3.2348",NULL,NULL,"1.46","39.8117"
397,"Malawi",2000,"44.73","47.29","16.68",NULL,NULL,"64.134247",NULL,NULL,NULL
398,"Malawi",2010,"56.8","55.876","12.957999999999998","62.5","3.5398","61.309718999999994","0.19","3.125","79.2717"
399,"Malawi",2015,"63.04","61.19","10.604","87.4","5.512449999999999","65.963829",NULL,"0.03","72.79165"
400,"Malawi",2019,"65.62","64.89","8.94","89.8","4.7317",NULL,"0.265","3.69","58.6792"
401,"Malaysia",2000,"72.8","94.11",NULL,"96.6",NULL,"88.687759","6.96","16.75",NULL
402,"Malaysia",2010,"74.25","92.02",NULL,"98.55999999999999","5.47035","93.117889","10.455","29.365000000000002","12.6012"
403,"Malaysia",2015,"74.95","90.53",NULL,"98.894","5.22695","94.636993","13.82","33.662","11.67615"
404,"Malaysia",2019,"74.72","89.49000000000001",NULL,"99.55","4.5348",NULL,NULL,"34.325","11.6556"
405,"Maldives",2000,"70.96","90.41",NULL,NULL,NULL,"96.3265","6.67","13.93",NULL
406,"Maldives",2010,"76.99","95.298",NULL,"96.78","4.1175","98.397903","15.236666666666666","49.74333333333333","11.7007"
407,"Maldives",2015,"78.41","97.932","95.77666666666666","96.375","4.3666","99.321022","23.28","59.715","10.3404"
408,"Maldives",2019,"79.59","98.28999999999999","95.795","99.5","4.0673",NULL,"41.43","64.605","10.1628"
409,"Mali",2000,"52.64","37.85",NULL,NULL,NULL,"19.044970000000003",NULL,NULL,"65.3032"
410,"Mali",2010,"59.05","51.762",NULL,"49.0","3.3439","28.638150500000002","0.9066666666666666","3.67","50.271950000000004"
411,"Mali",2015,"60.89","60.878","51.24400000000001","43.7","3.8015","33.3149055","1.0550000000000002","2.8800000000000003","42.707"
412,"Mali",2019,"62.8","67.405","52.11","67.3","3.4414",NULL,"1.345","3.86","38.0234"
413,"Malta",2000,"77.87","100.0",NULL,NULL,NULL,NULL,"25.176666666666666",NULL,NULL
414,"Malta",2010,"80.45","100.0",NULL,"99.62","6.4549",NULL,"24.75","64.79199999999999","15.9072"
415,"Malta",2015,"81.65","100.0",NULL,"99.78","5.2046","93.68698499999999","25.147999999999996","76.502","13.4945"
416,"Malta",2019,"81.89","100.0",NULL,"99.75",NULL,NULL,NULL,"94.83","12.9393"
417,"Mauritania",2000,"61.96","25.02",NULL,NULL,NULL,"51.207679999999996",NULL,NULL,NULL
418,"Mauritania",2010,"65.59","36.006",NULL,"57.1","3.6043","45.50378","1.44","7.404999999999999","39.28205"
419,"Mauritania",2015,"67.41","43.564","42.086","67.19999999999999","2.9374","52.123562","1.645","6.986666666666667","35.5951"
420,"Mauritania",2019,"68.38","49.099999999999994","42.89",NULL,"2.6311",NULL,"1.86","9.96","34.2781"
421,"Mauritius",2000,"71.17","98.93",NULL,"99.7",NULL,"84.303093",NULL,NULL,NULL
422,"Mauritius",2010,"73.24","99.48000000000002",NULL,"99.46666666666665","3.5515",NULL,"11.782499999999999","27.7925","21.4605"
423,"Mauritius",2015,"74.14","99.788",NULL,"99.7","4.8867","91.1193358","16.816","31.470000000000006","18.8209"
424,"Mauritius",2019,"74.07","99.83",NULL,"99.8","4.8346",NULL,"23.473333333333333","33.955","16.1984"
425,"Mexico",2000,"74.41","73.13",NULL,NULL,NULL,"90.535622","19.81","8.97",NULL
426,"Mexico",2010,"75.13","85.764",NULL,"94.35","5.1592","92.79322199999999","19.934","23.172","28.1467"
427,"Mexico",2015,"75.87","91.91","87.73","97.63333333333333","5.17045","94.162541","21.802","25.005999999999997","26.927"
428,"Mexico",2019,"76.01","97.72","87.835","96.4","4.9098",NULL,"23.534999999999997","24.713333333333335","26.5523"
429,"Micronesia (Federated States of)",2000,"61.19","87.67",NULL,"88.0",NULL,NULL,"5.96","0.65",NULL
430,"Micronesia (Federated States of)",2010,"62.67","82.81400000000001",NULL,"92.66666666666667",NULL,NULL,"4.06","3.835",NULL
431,"Micronesia (Federated States of)",2015,"62.74","79.78",NULL,NULL,NULL,NULL,NULL,NULL,NULL
432,"Micronesia (Federated States of)",2019,"63.03","78.57",NULL,NULL,NULL,NULL,NULL,"20.43",NULL
433,"Mongolia",2000,"60.52","28.82",NULL,NULL,"5.5504","97.768852",NULL,NULL,NULL
434,"Mongolia",2010,"65.05","40.868","70.26599999999999","99.1","4.6451","98.25700400000001","27.69333333333333","36.343333333333334","30.2391"
435,"Mongolia",2015,"67.61","49.312","71.092","98.9","4.5588999999999995","98.367638","30.77","38.124","28.221999999999998"
436,"Mongolia",2019,"68.1","55.28","71.17","99.3","4.0858",NULL,"28.59","39.35","30.3832"
437,"Montenegro",2000,"73.56",NULL,NULL,"99.1",NULL,NULL,"18.71",NULL,NULL
438,"Montenegro",2010,"74.69","94.648",NULL,"99.7",NULL,NULL,"20.482000000000003","54.55",NULL
439,"Montenegro",2015,"75.27","95.664",NULL,"99.0",NULL,"98.58107749999999","21.532","52.489999999999995",NULL
440,"Montenegro",2019,"75.88","95.91",NULL,"98.8",NULL,NULL,"27.56","52.29",NULL
441,"Morocco",2000,"69.35","28.34",NULL,NULL,NULL,NULL,NULL,NULL,NULL
442,"Morocco",2010,"71.6","47.86",NULL,"74.1","5.3014","55.6157955","6.17","9.3","26.4234"
443,"Morocco",2015,"72.46","61.818",NULL,"73.6",NULL,"69.397354","7.73","9.585","25.8816"
444,"Morocco",2019,"72.99","70.73",NULL,"86.6",NULL,NULL,"7.31","13.89","26.8007"
445,"Mozambique",2000,"50.69","19.9",NULL,NULL,NULL,"38.707878",NULL,"2.855",NULL
446,"Mozambique",2010,"53.48","20.496000000000002","11.78","55.3","4.2743","50.583809","0.4033333333333333","3.776","58.4896"
447,"Mozambique",2015,"55.95","31.186","12.09","63.65","6.4801","58.836552000000005","0.5125","5.555999999999999","54.74625"
448,"Mozambique",2019,"58.14","38.85",NULL,NULL,"5.5985",NULL,"0.7000000000000001","6.826666666666667","53.8553"
449,"Myanmar",2000,"59.99","38.06",NULL,NULL,NULL,"89.941757",NULL,NULL,NULL
450,"Myanmar",2010,"64.79","56.83",NULL,"67.25",NULL,NULL,"4.68","8.361999999999998","28.66485"
451,"Myanmar",2015,"67.58","69.994","79.14750000000001",NULL,"0.7874","93.0066035","5.654999999999999","9.36","27.5639"
452,"Myanmar",2019,"69.13","76.38499999999999","79.265","60.2","2.0686",NULL,"7.203333333333333","10.126666666666667","24.3599"
453,"Namibia",2000,"53.32","66.47",NULL,NULL,"6.9914",NULL,NULL,NULL,NULL
454,"Namibia",2010,"60.94","67.764","41.84","81.4","7.4168","76.486588","3.86","28.66","29.7103"
455,"Namibia",2015,"62.87","68.57000000000001","43.118","88.2","3.1032","90.110748",NULL,"18.596666666666668",NULL
456,"Namibia",2019,"64.58","69.13499999999999","44.42",NULL,NULL,NULL,"5.045","20.05333333333333","25.0917"
457,"Nepal",2000,"65.26","77.98",NULL,"11.9",NULL,NULL,NULL,NULL,NULL
458,"Nepal",2010,"69.18","83.074","55.346000000000004","18.7","3.6317",NULL,NULL,NULL,"35.9681"
459,"Nepal",2015,"69.43","86.226","51.763999999999996","45.8","3.7036","62.145447000000004","5.4","18.69333333333333","24.36705"
460,"Nepal",2019,"70.88","88.42","48.285","58.0","5.1637",NULL,"8.295","29.78","20.9066"
461,"Netherlands",2000,"78.01","100.0",NULL,NULL,NULL,NULL,"24.1","0.96",NULL
462,"Netherlands",2010,"80.68","100.0",NULL,NULL,"5.4891",NULL,"28.516","50.976",NULL
463,"Netherlands",2015,"81.28","100.0",NULL,NULL,"5.3482",NULL,"33.03","43.58800000000001","11.6236"
464,"Netherlands",2019,"81.79","100.0",NULL,NULL,"5.4796",NULL,"35.76","110.55","11.8059"
465,"New Zealand",2000,"78.57","100.0",NULL,"97.3",NULL,NULL,NULL,"79.92",NULL
466,"New Zealand",2010,"80.94","100.0",NULL,"96.72","7.0024",NULL,"29.686","100.562","14.4885"
467,"New Zealand",2015,"81.31","100.0",NULL,"96.61999999999999","6.3402",NULL,"32.263999999999996","114.26000000000002","14.4963"
468,"New Zealand",2019,"81.96","100.0",NULL,"96.6","6.4428",NULL,"34.82","123.0","14.9155"
469,"Nicaragua",2000,"73.26","63.37",NULL,NULL,NULL,"67.2",NULL,NULL,NULL
470,"Nicaragua",2010,"74.05","61.294",NULL,"73.85","4.4842",NULL,"6.198","12.4","30.2164"
471,"Nicaragua",2015,"74.62","60.012",NULL,"89.16","4.0784","82.471848","8.797999999999998","13.636",NULL
472,"Nicaragua",2019,"75.04","59.18",NULL,"95.5","4.21035",NULL,"9.74","15.170000000000002",NULL
473,"Niger",2000,"50.35","24.41",NULL,NULL,NULL,NULL,NULL,NULL,NULL
474,"Niger",2010,"58.95","34.012","8.98","17.7","3.7333",NULL,"0.23500000000000001","1.7149999999999999","38.6145"
475,"Niger",2015,"61.54","39.501999999999995",NULL,"34.5","6.0173","17.27965","0.4166666666666667","2.4466666666666668","36.6289"
476,"Niger",2019,"63.29","43.12",NULL,NULL,"4.23125",NULL,"0.43","2.7","36.3366"
477,"Nigeria",2000,"53.63","34.88",NULL,NULL,NULL,NULL,NULL,NULL,NULL
478,"Nigeria",2010,"59.24","44.519999999999996",NULL,"34.4",NULL,"51.077659999999995","3.6999999999999997","13.866","37.5532"
479,"Nigeria",2015,"61.16","50.65","41.214000000000006","41.25",NULL,"59.56808100000001","3.83","10.26",NULL
480,"Nigeria",2019,"62.62","54.97","41.86","43.15",NULL,NULL,"4.15","14.67",NULL
481,"Norway",2000,"78.53","100.0",NULL,"99.0",NULL,NULL,"5.29",NULL,NULL
482,"Norway",2010,"80.87","100.0",NULL,"99.16","6.7405",NULL,"24.291999999999994","152.78000000000003",NULL
483,"Norway",2015,"82.01","100.0",NULL,"99.13999999999999","7.5525","100.0","26.052","173.07999999999998","8.8686"
484,"Norway",2019,"82.62","100.0",NULL,"99.16666666666667","7.9761",NULL,"28.16","181.23333333333332","8.5942"
485,"Oman",2000,"69.07",NULL,NULL,"96.8",NULL,NULL,"10.4675","29.2725",NULL
486,"Oman",2010,"70.36","62.922000000000004",NULL,"98.55999999999999","4.1878","86.9114305","18.74","40.318",NULL
487,"Oman",2015,"72.52","74.012","97.40000000000002","98.875","4.9701","92.976425","20.476","45.08",NULL
488,"Oman",2019,"73.9","77.9","97.4","98.6",NULL,NULL,"19.616666666666667","42.94","9.6739"
489,"Pakistan",2000,"60.08","81.49",NULL,NULL,NULL,"42.69931","6.136","4.002",NULL
490,"Pakistan",2010,"62.64","85.21199999999999","59.03","39.9","2.4611","54.986353","7.865","5.446666666666666","40.4516"
491,"Pakistan",2015,"64.18","87.794","59.3","48.699999999999996","2.5717","55.8844155","8.780000000000001","4.656000000000001","46.3407"
492,"Pakistan",2019,"65.61","89.62","59.57","69.3","2.8995",NULL,"9.81","5.846666666666667","44.0773"
493,"Panama",2000,"77.23","74.51",NULL,"90.5",NULL,"91.89962","12.0875","11.0475",NULL
494,"Panama",2010,"77.53","83.23",NULL,"92.24","3.5023","94.094116","13.496","22.4","23.4581"
495,"Panama",2015,"78.72","88.454",NULL,"93.62","3.159","95.03823100000001","15.593333333333334","27.395000000000003","21.8937"
496,"Panama",2019,"79.29","92.275",NULL,"93.90000000000002",NULL,NULL,"15.69","30.49","21.7023"
497,"Papua New Guinea",2000,"63.29","26.54",NULL,NULL,NULL,"57.343262","0.47","4.86",NULL
498,"Papua New Guinea",2010,"63.42","29.026",NULL,"53.0",NULL,NULL,"0.495","4.53",NULL
499,"Papua New Guinea",2015,"64.49","32.138",NULL,NULL,NULL,"63.264789500000006",NULL,"0.38",NULL
500,"Papua New Guinea",2019,"65.3","34.315",NULL,"56.4","1.9264",NULL,"0.7","3.4","35.5217"
501,"Paraguay",2000,"74.8","52.69",NULL,NULL,NULL,NULL,NULL,NULL,NULL
502,"Paraguay",2010,"74.99","74.94800000000001",NULL,"91.77499999999999","2.7729","93.86886600000001",NULL,NULL,NULL
503,"Paraguay",2015,"75.56","88.762","79.48","96.175","3.6675","95.076416","12.77","7.220000000000001","24.1597"
504,"Paraguay",2019,"75.81","98.09","79.585","97.2","3.4383",NULL,"13.54","10.343333333333334",NULL
505,"Peru",2000,"74.42","51.32",NULL,NULL,NULL,NULL,"11.43","6.56",NULL
506,"Peru",2010,"77.28","62.751999999999995",NULL,"81.9","2.8673","89.145077","13.059999999999999","24.474999999999998","19.6817"
507,"Peru",2015,"79.08","69.88199999999999",NULL,"88.47999999999999","3.9703","93.97467333333333","11.41","19.715000000000003","17.9767"
508,"Peru",2019,"79.9","74.87",NULL,"92.79999999999998","3.7199",NULL,"13.05","22.763333333333335","17.662"
509,"Philippines",2000,"69.03","79.32",NULL,NULL,NULL,"92.60006","12.19","43.17",NULL
510,"Philippines",2010,"69.96","84.22999999999999",NULL,"62.2","2.653","95.420097","12.542","49.56999999999999","31.4357"
511,"Philippines",2015,"70.3","87.402","78.366","72.5",NULL,"96.508015",NULL,NULL,"30.2663"
512,"Philippines",2019,"70.43","89.63999999999999","78.44999999999999","84.4",NULL,NULL,"6.0","51.045","29.0835"
513,"Poland",2000,"73.7",NULL,NULL,"99.4",NULL,NULL,"23.066","59.718",NULL
514,"Poland",2010,"76.25","94.138",NULL,"99.53999999999999","5.0684",NULL,"21.646","57.410000000000004","9.3166"
515,"Poland",2015,"77.29","96.77",NULL,"99.8","4.8123","99.7807655","22.57","58.22749999999999","10.1925"
516,"Poland",2019,"78.27","99.195",NULL,"99.8","4.6393",NULL,"23.97","61.18000000000001","10.1805"
517,"Portugal",2000,"76.58","98.5",NULL,NULL,NULL,NULL,"30.85",NULL,NULL
518,"Portugal",2010,"79.73","99.208",NULL,NULL,"5.4029",NULL,"37.556","53.626","10.8294"
519,"Portugal",2015,"80.89","99.806",NULL,"98.93333333333334","4.8829","94.9525795","44.10600000000001","62.99400000000001","13.3062"
520,"Portugal",2019,"81.57","100.0",NULL,"98.76666666666667",NULL,NULL,"50.32","68.185","12.3535"
521,"Qatar",2000,"71.29","100.0",NULL,"100.0",NULL,"83.26216099999999",NULL,NULL,NULL
522,"Qatar",2010,"74.08","100.0",NULL,"100.0","3.97645","94.52012450000001","30.740000000000002","55.552499999999995","12.0319"
523,"Qatar",2015,"76.41","99.814",NULL,"99.95","3.6054","97.21341720000001","17.35","56.0","11.6268"
524,"Qatar",2019,"77.17","99.6",NULL,"100.0","2.8638",NULL,"25.895000000000003","68.275","12.1676"
525,"Republic of Korea",2000,"76.21",NULL,NULL,NULL,NULL,NULL,NULL,NULL,NULL
526,"Republic of Korea",2010,"80.58","98.77799999999999",NULL,"99.9",NULL,NULL,"18.83","43.124","20.918000000000003"
527,"Republic of Korea",2015,"82.2","99.33800000000001",NULL,"99.9",NULL,NULL,"21.47","52.855999999999995","16.5542"
528,"Republic of Korea",2019,"83.3","99.73500000000001",NULL,NULL,"4.5944",NULL,"23.325","71.47666666666667","16.2867"
529,"Republic of Moldova",2000,"66.87","73.7",NULL,"98.0",NULL,NULL,"33.23","89.80199999999999",NULL
530,"Republic of Moldova",2010,"68.81","78.17","86.99333333333334","99.52000000000001","7.5923",NULL,"23.782","56.315999999999995","15.4145"
531,"Republic of Moldova",2015,"71.13","80.974","86.982","99.55999999999999","6.266",NULL,"24.580000000000002","54.10600000000001","17.4567"
532,"Republic of Moldova",2019,"73.26","82.89","86.98","99.7","5.5111",NULL,"32.07","49.24","17.9231"
533,"Romania",2000,"71.39","100.0",NULL,"99.0",NULL,NULL,"18.96","13.911999999999997",NULL
534,"Romania",2010,"73.7","100.0",NULL,"99.08","3.4954",NULL,"23.672000000000004","59.55800000000001","16.1126"
535,"Romania",2015,"74.82","100.0",NULL,"98.1","3.1068","98.6806565","25.76","59.60333333333333","18.907"
536,"Romania",2019,"75.57","100.0",NULL,"96.0","2.9741",NULL,"26.189999999999998","67.405","19.3348"
537,"Russian Federation",2000,"65.29","84.88",NULL,"99.2",NULL,NULL,"23.498","5.04",NULL
538,"Russian Federation",2010,"68.76","88.26599999999999",NULL,"99.62","4.1018",NULL,"23.844","77.598","18.063"
539,"Russian Federation",2015,"71.3","90.684",NULL,"99.7","3.79495",NULL,"39.9025","62.088","19.867199999999997"
540,"Russian Federation",2019,"73.23","92.38",NULL,NULL,"3.743",NULL,NULL,"85.43","21.2588"
541,"Rwanda",2000,"47.51","41.0","1.24",NULL,"3.9168","64.888603",NULL,NULL,NULL
542,"Rwanda",2010,"64.44","46.354","2.8939999999999997","60.55","4.8911","65.852272",NULL,"6.835","66.45905"
543,"Rwanda",2015,"67.69","49.814","3.842","90.7","3.7515","69.78726599999999","0.7975","6.5875","58.3432"
544,"Rwanda",2019,"69.1","52.285","4.52",NULL,"3.32655",NULL,"1.3133333333333332","11.683333333333332","59.5086"
545,"Saint Lucia",2000,"73.21","86.79",NULL,"100.0",NULL,NULL,NULL,"21.36",NULL
546,"Saint Lucia",2010,"75.2","92.54400000000001","87.20666666666666","99.1","4.53385",NULL,"5.245",NULL,"18.5376"
547,"Saint Lucia",2015,"75.01","96.956","87.2","98.96666666666665","4.107",NULL,"22.6625","15.7","15.4614"
548,"Saint Lucia",2019,"74.33","97.82","87.2","100.0","3.6796",NULL,"6.41","31.55","14.7391"
549,"Saint Vincent and the Grenadines",2000,"70.61","93.15",NULL,"100.0",NULL,NULL,"8.809999999999999","33.525",NULL
550,"Saint Vincent and the Grenadines",2010,"72.85","94.292",NULL,"99.1",NULL,NULL,"6.65","26.04",NULL
551,"Saint Vincent and the Grenadines",2015,"72.47","94.976",NULL,"99.12",NULL,NULL,NULL,"91.88333333333333",NULL
552,"Saint Vincent and the Grenadines",2019,"73.22","95.15",NULL,"98.6",NULL,NULL,NULL,"72.46",NULL
553,"Samoa",2000,"68.51","89.93",NULL,"80.0",NULL,NULL,"6.91","20.1","24.0154"
554,"Samoa",2010,"69.57","92.886",NULL,"80.8","5.1442",NULL,"4.04","17.189999999999998","30.236"
555,"Samoa",2015,"70.04","95.376",NULL,"82.5",NULL,"98.994133","4.315","18.22",NULL
556,"Samoa",2019,"70.45","100.0",NULL,NULL,"4.0805",NULL,"3.45","24.89",NULL
557,"Sao Tome and Principe",2000,"63.45","58.19",NULL,NULL,NULL,NULL,NULL,NULL,NULL
558,"Sao Tome and Principe",2010,"68.24","67.328","41.92","81.2","9.6515","69.536392",NULL,NULL,"26.1727"
559,"Sao Tome and Principe",2015,"69.6","73.288","41.656000000000006","92.5","3.8066500000000003","90.94510249999999","3.16","11.89","38.7764"
560,"Sao Tome and Principe",2019,"70.42","76.95","41.375",NULL,"5.1491",NULL,"0.53","9.6685","31.6543"
561,"Saudi Arabia",2000,"70.52","97.39",NULL,"91.0",NULL,"79.350937","7.24","17.66",NULL
562,"Saudi Arabia",2010,"71.76","98.45",NULL,"96.8","5.1378",NULL,"21.819999999999997","42.696666666666665","11.29315"
563,"Saudi Arabia",2015,"73.15","99.33399999999999",NULL,"98.0",NULL,"94.6343535","24.929999999999996","49.18666666666667","10.8954"
564,"Saudi Arabia",2019,"74.31","99.93",NULL,"99.55000000000001",NULL,NULL,"25.090000000000003","55.36666666666667","13.815"
565,"Senegal",2000,"58.6","39.97",NULL,NULL,NULL,NULL,NULL,NULL,NULL
566,"Senegal",2010,"65.47","53.69200000000001",NULL,NULL,"5.1825","45.79314","0.62","4.38","33.6518"
567,"Senegal",2015,"67.2","62.839999999999996","23.709999999999997","56.975","5.4564","50.16477066666667","2.625","9.485","32.09"
568,"Senegal",2019,"68.58","69.49","24.075","67.06666666666668","4.88255",NULL,"0.7","3.065","34.56545"
569,"Serbia",2000,"71.43","93.11",NULL,"98.0",NULL,NULL,NULL,NULL,NULL
570,"Serbia",2010,"74.2","89.77799999999999","97.71799999999999","99.74","4.3278",NULL,"23.964","8.68","16.3545"
571,"Serbia",2015,"75.21","85.71199999999999","97.72","99.45","3.789","97.982651","24.824","73.05799999999999","15.2429"
572,"Serbia",2019,"75.87","83.27",NULL,NULL,"3.7151",NULL,"31.13","60.86","14.2927"
573,"Seychelles",2000,"71.87","93.2",NULL,"99.0",NULL,NULL,NULL,NULL,NULL
574,"Seychelles",2010,"73.01","95.25800000000001",NULL,"99.4","4.7701","93.95423100000001","9.702000000000002","45.495","12.547"
575,"Seychelles",2015,"73.2","96.2",NULL,"99.0","4.0837","95.321083","10.84","45.25","13.7217"
576,"Seychelles",2019,"73.34","96.25",NULL,NULL,"4.4183",NULL,"21.21","80.77","14.4883"
577,"Sierra Leone",2000,"48.73","24.41",NULL,NULL,NULL,NULL,NULL,NULL,NULL
578,"Sierra Leone",2010,"54.74","35.616","11.886","51.599999999999994","2.5886",NULL,"0.185","2.245",NULL
579,"Sierra Leone",2015,"56.94","43.666","15.736","59.7","2.6658999999999997","47.8090705","0.25","5.343333333333334","33.7504"
580,"Sierra Leone",2019,"60.77","49.33","18.83","84.25","7.1385",NULL,NULL,"2.24","32.42715"
581,"Singapore",2000,"78.44","100.0",NULL,"99.7",NULL,"92.5494","13.47","40.32",NULL
582,"Singapore",2010,"81.7","100.0",NULL,"99.72","3.0804","95.85733","16.448","51.626","18.2179"
583,"Singapore",2015,"82.81","100.0",NULL,"99.66","2.8544","96.51476779999999","18.57","55.854",NULL
584,"Singapore",2019,"83.22","100.0",NULL,"99.53333333333335",NULL,NULL,"22.94","62.055","14.6943"
585,"Slovakia",2000,"73.3","96.8",NULL,"100.0",NULL,NULL,"33.334999999999994","74.23",NULL
586,"Slovakia",2010,"75.47","97.23",NULL,"99.396","4.1159",NULL,"33.066","64.60799999999999","15.2404"
587,"Slovakia",2015,"77.01","99.55999999999999",NULL,"98.47999999999999","4.6356",NULL,"33.822","61.105999999999995","15.2493"
588,"Slovakia",2019,"78.23","100.0",NULL,"98.3","3.9027",NULL,"34.41","31.93","15.5392"
589,"Slovenia",2000,"76.05","99.4",NULL,"99.9",NULL,NULL,"21.67","33.11333333333334",NULL
590,"Slovenia",2010,"79.55","99.4",NULL,"99.9","5.5625",NULL,"24.026000000000003","79.39599999999999","17.0169"
591,"Slovenia",2015,"80.47","99.4",NULL,"99.85","4.9082","99.712406","26.482","84.808","16.9046"
592,"Slovenia",2019,"81.31","99.4",NULL,NULL,"4.8029",NULL,"30.435000000000002","98.36","13.8016"
593,"Solomon Islands",2000,"62.51","76.47",NULL,NULL,NULL,"76.599998","1.35","8.99",NULL
594,"Solomon Islands",2010,"63.69","71.63799999999999",NULL,"86.0","9.8606",NULL,"1.77","20.96","19.9163"
595,"Solomon Islands",2015,"64.74","65.452","35.332","86.2",NULL,"84.099998","1.8099999999999998","18.39","22.4345"
596,"Solomon Islands",2019,"65.25","61.2","35.82",NULL,NULL,NULL,"1.94","21.64","25.4105"
597,"Somalia",2000,"49.87","19.6",NULL,NULL,NULL,NULL,NULL,NULL,NULL
598,"Somalia",2010,"51.98","18.432000000000002",NULL,"9.4",NULL,NULL,"0.28","0.9","35.5192"
599,"Somalia",2015,"54.57","24.558","9.741999999999999",NULL,NULL,NULL,"0.23","0.8200000000000001",NULL
600,"Somalia",2019,"56.47","27.735","9.82",NULL,NULL,NULL,NULL,NULL,NULL
601,"South Africa",2000,"55.75","66.19",NULL,NULL,NULL,"82.4021",NULL,"38.97666666666667",NULL
602,"South Africa",2010,"57.14","73.00800000000001",NULL,"94.3","5.347666666666666","91.49647499999999","7.092499999999999","8.982","31.544150000000002"
603,"South Africa",2015,"62.57","77.268","43.544999999999995",NULL,"6.0014","93.8923625","7.4875","11.722","30.3322"
604,"South Africa",2019,"65.25","80.25","43.925","96.7","6.159",NULL,"8.525","13.2",NULL
605,"South Sudan",2000,"54.15",NULL,NULL,NULL,NULL,NULL,NULL,NULL,NULL
606,"South Sudan",2010,"61.1",NULL,NULL,"14.549999999999999",NULL,"26.83128",NULL,NULL,NULL
607,"South Sudan",2015,"61.99","37.606",NULL,NULL,"1.6268","31.97625",NULL,NULL,"46.7503"
608,"South Sudan",2019,"62.79","35.275000000000006",NULL,NULL,"1.23895",NULL,NULL,NULL,NULL
609,"Spain",2000,"79.08","100.0",NULL,NULL,NULL,NULL,"29.4","33.624",NULL
610,"Spain",2010,"81.69","100.0",NULL,NULL,"4.8191","97.74940500000001","29.5","47.720000000000006","12.4015"
611,"Spain",2015,"82.33","100.0",NULL,NULL,"4.2724","97.9931824","31.426","51.760000000000005","13.1862"
612,"Spain",2019,"83.22","100.0",NULL,NULL,"4.2091",NULL,"38.415","56.135","13.1317"
613,"Sri Lanka",2000,"71.89","75.99",NULL,NULL,NULL,NULL,"3.4579999999999997","8.48",NULL
614,"Sri Lanka",2010,"73.3","81.564",NULL,"98.6","1.7177","90.84938033333333","6.218","17.054000000000002","23.9144"
615,"Sri Lanka",2015,"76.27","84.992",NULL,NULL,"2.2288","92.614166","8.0","18.740000000000002","23.791150000000002"
616,"Sri Lanka",2019,"76.87","87.38",NULL,"99.5","2.1119",NULL,"9.416666666666666","20.416666666666668","21.7374"
617,"Suriname",2000,"69.94","73.57",NULL,NULL,NULL,NULL,"4.06","14.61",NULL
618,"Suriname",2010,"71.83","81.074","67.854","89.3",NULL,"94.648346","7.05","30.63","14.9465"
619,"Suriname",2015,"72.6","85.718","67.795","90.0",NULL,"95.538986","10.46","21.396666666666665","13.3311"
620,"Suriname",2019,"71.48","88.72999999999999",NULL,"98.4",NULL,NULL,"11.753333333333332","22.13","13.3934"
621,"Sweden",2000,"79.57","100.0",NULL,NULL,NULL,NULL,"29.588","102.34",NULL
622,"Sweden",2010,"81.3","100.0",NULL,NULL,"6.6148",NULL,"37.384","116.46","9.5389"
623,"Sweden",2015,"81.75","100.0",NULL,NULL,"7.5483",NULL,"41.22","117.78","12.0975"
624,"Sweden",2019,"82.4","100.0",NULL,NULL,"7.6699",NULL,"39.84","117.9","12.2333"
625,"Switzerland",2000,"79.72","100.0",NULL,NULL,NULL,NULL,"33.79","119.4",NULL
626,"Switzerland",2010,"82.19","100.0",NULL,NULL,"4.9261",NULL,"38.412","140.17999999999998",NULL
627,"Switzerland",2015,"82.61","100.0",NULL,NULL,"5.1006",NULL,"40.166","161.57999999999998","10.27525"
628,"Switzerland",2019,"83.45","100.0",NULL,NULL,"5.1133",NULL,"42.715","174.35000000000002","9.9287"
629,"Syrian Arab Republic",2000,"71.46","90.11",NULL,NULL,NULL,NULL,"13.3425","21.0075",NULL
630,"Syrian Arab Republic",2010,"74.35","92.488",NULL,"93.85","5.1301",NULL,"14.6125","18.625",NULL
631,"Syrian Arab Republic",2015,"64.4","93.976","70.55000000000001",NULL,NULL,NULL,"15.51","23.09",NULL
632,"Syrian Arab Republic",2019,"72.67","95.02000000000001","70.59",NULL,NULL,NULL,"12.87","15.41",NULL
633,"Tajikistan",2000,"65.58","43.47",NULL,NULL,NULL,"99.45124799999999","20.802","45.622",NULL
634,"Tajikistan",2010,"68.01","58.214","72.39","85.30000000000001","4.0068",NULL,"18.168","36.267999999999994","25.1815"
635,"Tajikistan",2015,"68.66","67.79","72.502","89.85","5.2314","99.774731","23.924999999999997","45.5525","22.782249999999998"
636,"Tajikistan",2019,"69.5","74.65","72.67500000000001","94.8",NULL,NULL,NULL,NULL,"22.3005"
637,"Thailand",2000,"71.25","91.66",NULL,"99.3",NULL,"92.646538","2.85","10.176666666666668",NULL
638,"Thailand",2010,"76.25","95.63",NULL,"98.15","3.5084","96.430908","3.2600000000000002","16.726000000000003","16.125149999999998"
639,"Thailand",2015,"77.41","98.124","83.885","99.6","4.124","93.8425445","4.65","23.68","16.1376"
640,"Thailand",2019,"77.7","99.515","83.91499999999999","99.1",NULL,NULL,"6.86","28.293333333333333","16.64815"
641,"The former Yugoslav Republic of Macedonia",2000,"71.11","98.55",NULL,"97.7",NULL,NULL,"22.169999999999998","35.63",NULL
642,"The former Yugoslav Republic of Macedonia",2010,"73.11","96.328",NULL,"99.64",NULL,NULL,"25.648000000000003","38.976",NULL
643,"The former Yugoslav Republic of Macedonia",2015,"73.73","91.28",NULL,"97.74000000000001",NULL,NULL,"27.925","40.845",NULL
644,"The former Yugoslav Republic of Macedonia",2019,"74.82","90.58",NULL,"99.90000000000002",NULL,NULL,NULL,NULL,NULL
645,"Timor-Leste",2000,"62.67",NULL,NULL,NULL,NULL,NULL,NULL,NULL,NULL
646,"Timor-Leste",2010,"68.06","51.42999999999999",NULL,"29.3","2.4494",NULL,NULL,"10.8625","29.9878"
647,"Timor-Leste",2015,"68.87","61.105999999999995","27.9175",NULL,"3.5226",NULL,"6.646666666666666","12.575000000000001","31.3548"
648,"Timor-Leste",2019,"69.62","68.59","28.14","56.7","4.1284",NULL,"7.359999999999999","17.045","26.9489"
649,"Togo",2000,"55.95","29.6",NULL,NULL,"3.9209","53.177601",NULL,NULL,NULL
650,"Togo",2010,"59.33","38.476","9.726","48.15","4.0965","56.9908755","1.2033333333333331","7.263333333333333","39.8555"
651,"Togo",2015,"61.92","43.99","10.132000000000001","44.6","5.1086","63.4737645","0.49","2.08","42.5787"
652,"Togo",2019,"64.27","47.84","10.43","69.4","5.165299999999999",NULL,"0.4000000000000001","3.8233333333333337","40.145"
653,"Tonga",2000,"70.92","97.37",NULL,"95.0",NULL,"98.905373",NULL,NULL,"22.1446"
654,"Tonga",2010,"72.22","98.33",NULL,"98.02000000000001",NULL,"99.018463","5.686666666666667","36.68","24.8863"
655,"Tonga",2015,"72.33","99.482",NULL,"95.5",NULL,"99.3916935","5.4","40.08","21.6331"
656,"Tonga",2019,"72.57","99.77",NULL,NULL,NULL,NULL,NULL,"41.57",NULL
657,"Trinidad and Tobago",2000,"69.7","91.83",NULL,"99.0",NULL,NULL,"8.772","25.55",NULL
658,"Trinidad and Tobago",2010,"72.12","95.42","89.44","99.55",NULL,NULL,"14.295","33.85","17.5794"
659,"Trinidad and Tobago",2015,"74.61","97.702","89.44","99.975",NULL,"98.9445345","22.345","33.8",NULL
660,"Trinidad and Tobago",2019,"76.13","98.18",NULL,"100.0",NULL,NULL,"37.665","46.669999999999995",NULL
661,"Tunisia",2000,"74.12","70.64",NULL,NULL,"6.202",NULL,"7.1659999999999995",NULL,NULL
662,"Tunisia",2010,"76.05","76.39599999999999","89.39599999999999","94.6","6.2635000000000005","77.96070100000001","11.176666666666668","21.900000000000002","17.1154"
663,"Tunisia",2015,"76.7","84.372","84.846","73.6","6.5992","80.30895","12.94","26.605","16.7662"
664,"Tunisia",2019,"77.04","88.35","79.44999999999999","99.5",NULL,NULL,"12.93","25.86","16.8717"
665,"Turkey",2000,"74.41","89.3",NULL,NULL,NULL,NULL,"12.398","6.624",NULL
666,"Turkey",2010,"76.89","94.506",NULL,"91.3","2.7506","90.06315225","16.112000000000002","20.866",NULL
667,"Turkey",2015,"77.79","97.94200000000001",NULL,"97.7",NULL,"95.08204500000001","17.541999999999998","25.248","18.4051"
668,"Turkey",2019,"78.62","98.62",NULL,"98.0",NULL,NULL,"18.314999999999998","26.42","16.9778"
669,"Turkmenistan",2000,"63.32","79.15","70.75",NULL,NULL,NULL,"27.48","80.12",NULL
670,"Turkmenistan",2010,"67.31","88.99800000000002","85.26599999999999","99.5",NULL,NULL,"23.202","45.896",NULL
671,"Turkmenistan",2015,"69.11","94.736","94.15",NULL,"3.0493","99.68289200000001","22.4","44.705",NULL
672,"Turkmenistan",2019,"69.75","98.86","99.69","100.0",NULL,NULL,NULL,NULL,NULL
673,"Uganda",2000,"48.76","19.18","2.6",NULL,NULL,NULL,NULL,NULL,NULL
674,"Uganda",2010,"59.67","28.570000000000004","11.124","41.9","2.389","72.29251099999999",NULL,NULL,"49.06995"
675,"Uganda",2015,"64.47","35.346000000000004","16.664","57.4","2.51225","72.004028","0.965","13.2225","45.3464"
676,"Uganda",2019,"66.69","40.485","20.645","74.2","2.5208",NULL,"1.68","14.49","42.6591"
677,"Ukraine",2000,"67.53","94.61",NULL,"99.9","4.1662",NULL,"30.3","65.95","19.8841"
678,"Ukraine",2010,"70.2","95.446",NULL,"99.66000000000001","7.318",NULL,"32.528000000000006","69.84200000000001","15.6579"
679,"Ukraine",2015,"72.2","92.23800000000001",NULL,"99.67500000000001","5.8749","99.758789","33.66","73.0375","12.3845"
680,"Ukraine",2019,"73.02","91.315",NULL,NULL,"5.4123",NULL,NULL,NULL,"12.9801"
681,"United Arab Emirates",2000,"73.18","95.68",NULL,NULL,NULL,NULL,"18.02","37.05",NULL
682,"United Arab Emirates",2010,"74.86","95.798",NULL,NULL,NULL,NULL,"14.628","28.35","16.2169"
683,"United Arab Emirates",2015,"75.31","96.102",NULL,"99.90000000000002",NULL,"92.986366","17.722","36.296","23.6179"
684,"United Arab Emirates",2019,"76.08","97.72999999999999",NULL,NULL,NULL,NULL,"24.45","56.47","24.5228"
685,"United Kingdom of Great Britain and Northern Ireland",2000,"77.85","100.0",NULL,NULL,NULL,NULL,"18.895999999999997","46.105",NULL
686,"United Kingdom of Great Britain and Northern Ireland",2010,"80.25","100.0",NULL,NULL,NULL,NULL,"25.504","90.772",NULL
687,"United Kingdom of Great Britain and Northern Ireland",2015,"80.65","100.0",NULL,NULL,NULL,NULL,"26.932","83.628",NULL
688,"United Kingdom of Great Britain and Northern Ireland",2019,"81.4","100.0",NULL,NULL,NULL,NULL,"27.846666666666668","82.24",NULL
689,"United Republic of Tanzania",2000,"52.47","16.44",NULL,NULL,NULL,NULL,NULL,NULL,NULL
690,"United Republic of Tanzania",2010,"61.39","27.926",NULL,"48.9",NULL,NULL,NULL,"2.39",NULL
691,"United Republic of Tanzania",2015,"65.36","35.86","47.39",NULL,NULL,NULL,"0.45999999999999996","4.365",NULL
692,"United Republic of Tanzania",2019,"67.34","41.655","47.870000000000005","63.5",NULL,NULL,"0.14","5.84",NULL
693,"United States of America",2000,"76.69","99.77",NULL,"99.4",NULL,NULL,"25.94",NULL,NULL
694,"United States of America",2010,"78.56","96.97",NULL,"99.34",NULL,NULL,"24.375999999999998","125.9",NULL
695,"United States of America",2015,"78.56","96.97",NULL,"99.08000000000001","4.9617",NULL,"25.35",NULL,"14.4572"
696,"United States of America",2019,"78.5","96.97",NULL,"99.09999999999998",NULL,NULL,"26.0","145.5","14.1986"
697,"Uruguay",2000,"74.82","74.61",NULL,"99.7",NULL,"96.781807",NULL,NULL,NULL
698,"Uruguay",2010,"76.36","80.40799999999999",NULL,"99.52000000000001","2.8803","98.031537","39.51","44.29","13.794"
699,"Uruguay",2015,"77.03","89.146",NULL,"99.82000000000001","4.3553","98.39474799999999",NULL,NULL,"11.7605"
700,"Uruguay",2019,"77.1","94.845",NULL,"100.0","4.8403",NULL,"45.175","19.41","11.0193"
701,"Uzbekistan",2000,"65.27","75.86",NULL,NULL,NULL,"98.642578","30.752499999999998","109.67999999999999",NULL
702,"Uzbekistan",2010,"70.19","91.41599999999998",NULL,"99.92",NULL,NULL,"26.008","110.67999999999999","17.7621"
703,"Uzbekistan",2015,"71.45","94.914",NULL,"100.0","5.7864","99.99020133333333","24.317500000000003","114.14999999999999","19.0319"
704,"Uzbekistan",2019,"73.01","95.965",NULL,"100.0","5.2813",NULL,NULL,NULL,"21.32835"
705,"Vanuatu",2000,"63.9","77.99",NULL,"88.0",NULL,"74.0","1.14","24.47",NULL
706,"Vanuatu",2010,"64.52","81.26","24.965","83.45","5.398",NULL,"1.1749999999999998","16.29","21.6644"
707,"Vanuatu",2015,"64.64","85.344","25.086","89.4","5.5499","84.7847445","1.84","18.4","26.5651"
708,"Vanuatu",2019,"65.31","88.14","25.195",NULL,"4.6954",NULL,"1.65","14.25",NULL
709,"Venezuela (Bolivarian Republic of)",2000,"74.09","96.65",NULL,NULL,NULL,NULL,NULL,"6.58",NULL
710,"Venezuela (Bolivarian Republic of)",2010,"74.79","96.216",NULL,NULL,NULL,NULL,NULL,NULL,NULL
711,"Venezuela (Bolivarian Republic of)",2015,"74.66","95.942",NULL,"98.15",NULL,NULL,NULL,NULL,NULL
712,"Venezuela (Bolivarian Republic of)",2019,"73.95","95.75",NULL,"99.19999999999999",NULL,NULL,NULL,"9.42",NULL
713,"Viet Nam",2000,"71.45","75.54",NULL,NULL,NULL,NULL,NULL,NULL,NULL
714,"Viet Nam",2010,"72.72","83.36800000000001","85.218","83.8","5.1372",NULL,"6.678","10.384","19.9018"
715,"Viet Nam",2015,"73.16","88.48400000000001","85.56","92.85","5.652",NULL,"8.0","11.48","19.2242"
716,"Viet Nam",2019,"73.74","92.16","85.81",NULL,"4.1728",NULL,"8.28","14.46","19.9535"
717,"Yemen",2000,"62.69","25.64",NULL,NULL,NULL,NULL,"2.39","4.15",NULL
718,"Yemen",2010,"67.7","39.053999999999995","48.035","35.7","5.1514",NULL,"3.165","7.17","30.8108"
719,"Yemen",2015,"67.47","50.232","48.726","39.55",NULL,"69.3756865","5.25","8.226666666666667","30.2528"
720,"Yemen",2019,"66.63","54.7","49.44",NULL,NULL,NULL,NULL,"7.673333333333333","26.9302"
721,"Zambia",2000,"44.46","30.9",NULL,NULL,NULL,"68.001793",NULL,NULL,NULL
722,"Zambia",2010,"56.67","36.263999999999996","13.2","45.2","1.0997","72.21797950000001","0.5925","7.1125","52.9851"
723,"Zambia",2015,"60.5","39.382","13.508","63.3","4.6243","85.117264","1.6549999999999998","1.86","42.7418"
724,"Zambia",2019,"62.45","41.565","13.885",NULL,"4.048333333333333",NULL,"6.75","9.47","42.06"
725,"Zimbabwe",2000,"46.57","59.88",NULL,NULL,NULL,NULL,"1.26",NULL,NULL
726,"Zimbabwe",2010,"51.49","55.402",NULL,"64.35","1.5441",NULL,"0.905","8.89",NULL
727,"Zimbabwe",2015,"58.48","52.27","36.868","74.76666666666667","6.1384","85.228096","1.104","13.654","36.4082"
728,"Zimbabwe",2019,"60.68","50.11","36.795","86.0","4.6045",NULL,"1.9166666666666667","19.773333333333333",NULL
